borne,viteza,nume,fir,r_start,r_end,linie
"2+800
3+200",30,"Bucureşti Nord -
Bucureştii Noi",1,2.8,3.2,100
"26+000
26+050",30,"St. Grădinari
peste sch. 6 din bretea 
2 - 4 - 6 - 8, Cap Y",1,26,26.05,100
"38+150
38+700",30,"Vadu Lat -
Zăvestreni",1,38.15,38.7,100
"45+000
46+600",70,"St. Zăvestreni
linia 2 directă și
zonă aparate de cale Cap X + Cap Y",1,45,46.6,100
"47+300
47+400",50,"Zăvestreni -
Videle",1,47.3,47.4,100
"79+700
81+000",50,"Olteni -
Rădoieşti",1,79.7,81,100
"84+280
85+540",30,"St. Rădoieşti
linia 3 directă",1,84.28,85.54,100
"90+600
90+650",30,"Rădoieşti -
Atârnaţi",1,90.6,90.65,100
"94+300
94+350",30,"Atârnaţi -
Roşiori Nord",1,94.3,94.35,100
"99+300
99+600",30,"St. Roşiori Nord
linia 4 directă, Cap X",1,99.3,99.6,100
"116+800
118+400",70,"St. Mihăeşti
linia 3 directă",1,116.8,118.4,100
"137+620
137+670",30,"St. Drăgăneşti
linia 3 directă, Cap Y",1,137.62,137.67,100
"142+350
142+430",30,"Drăgăneşti -
Fărcaşele",1,142.35,142.43,100
"138+000
145+500",50,"Drăgăneşti -
Fărcaşele",1,138,145.5,100
"145+500
155+000",70,"Drăgănești - 
Fărcașele  -
Caracal
și linia 3 directă 
Fărcașele
și linia 3 directă Caracal, Cap X",1,145.5,155,100
"167+800
167+900",30,"St. Grozăvești
linia 3 directă Cap X",1,167.8,167.9,100
"249+150
250+300",30,"St. Craiova
linia 3A + 3B",1,249.15,250.3,100
"261+350
261+400",70,"St. Işalniţa
linia 2 directă, Cap X",1,261.35,261.4,100
"285+675
286+400",70,"St. Filiaşi 
linia 2 directă, sch. 53, 16, 10, 8 și 6",1,285.675,286.4,100
"287+640
287+690",30,"Filiaşi -
Gura Motrului",1,287.64,287.69,100
"290+500
290+800",15,"Filiaşi -
Gura Motrului",1,290.5,290.8,100
"292+720
292+870",30,"St. Gura Motrului
linia 3 directă",1,292.72,292.87,100
"295+650
296+550",70,"Gura Motrului -
Butoieşti",1,295.65,296.55,100
"298+250
298+350",30,"St. Butoieşti
linia 3 directă, Cap X",1,298.25,298.35,100
"299+630
309+100",70,"Butoieşti -
Strehaia 
și st. Strehaia
linia 2 directă, Cap X",1,299.63,309.1,100
"310+500
333+050",70,"Strehaia -
Ciochiuța -
Tâmna,
linia 2 directă Tâmna,
Tâmna - 
Igiroasa,
linia 2 directă Igiroasa și Igiroasa - 
Prunișor",1,310.5,333.05,100
"309+100
309+400",30,"St. Strehaia
linia 2 directă, Cap X",1,309.1,309.4,100
"311+200
311+650",30,"Strehaia -
Ciochiuţa",1,311.2,311.65,100
"314+200
314+250",50,"Strehaia -
Ciochiuţa",1,314.2,314.25,100
"339+300
341+170",30,"Prunișor -
Gârniţa și 
linia 2 directă 
Cap Y, Gârnița",1,339.3,341.17,100
"335+120
335+170",30,"Prunișor -
Gârniţa",1,335.12,335.17,100
"341+170
343+900",60,"Gârniţa -
Balota",1,341.17,343.9,100
"343+900
344+140",30,"St. Balota
linia 2 directă, Cap X",1,343.9,344.14,100
"345+200
353+200",30,"Balota –
Valea Albă
linia 1 directă 
Valea Albă și
Valea Albă -
Post Macazuri",1,345.2,353.2,100
"363+340
363+900",30,"St. Drobeta Tr. Severin
linia 1",1,363.34,363.9,100
"363+340
363+475",5,"St. Drobeta Tr. Severin
linia 2 directă, Cap X",1,363.34,363.475,100
"374+450
374+500",30,"Gura Văii - 
Vârciorova",1,374.45,374.5,100
"380+600
384+200",30,"St. Vârciorova  
linia 2 directă, Cap Y și 
Vârciorova -
Orșova",1,380.6,384.2,100
"388+200
388+400",30,"St. Orşova
linia 2 directă",1,388.2,388.4,100
"397+950
399+050",30,"St. Topleţ
linia 2 directă",1,397.95,399.05,100
"405+000
405+100",30,"Băile Herculane
linia 1 directă, Cap X",1,405,405.1,100
"415+600
415+700",30,"St. Iablaniţa
linia 2 directă, Cap X",1,415.6,415.7,100
"418+800
418+900",30,"Iablaniţa -
Cruşovăţ",1,418.8,418.9,100
"440+000
440+150",30,"Poarta -
Teregova",1,440,440.15,100
"447+200
447+300",30,"Teregova - 
Armeniș",1,447.2,447.3,100
"449+100
449+250",30,"St. Armeniș
linia 2 directă",1,449.1,449.25,100
"453+600
453+950",30,"Armeniș - 
Slatina Timiș
și linia 2 directă, Cap X Slatina Timiș",1,453.6,453.95,100
"462+050
462+100",30,"St. Vălișoara
linia 2 directă, Cap Y",1,462.05,462.1,100
"463+700
466+400",30,"Vălișoara -
Valea Timișului",1,463.7,466.4,100
"469+750
469+800",30,"St. Balta Sărată 
linia 2 directă, Cap X",1,469.75,469.8,100
"472+800
475+800",30,"St. Balta Sărată -
Caransebeş 
și st. Caransebeş 
linia 2 directă, Cap X
(între semnal X și 
sch. 7)",1,472.8,475.8,100
"491+572
499+800",50,"St. Căvăran
linia 2 directă și
Căvăran -
Găvojdia",1,491.572,499.8,100
"503+420
505+900",70,"St. Găvojdia
linia 3 directă și Găvojdia -
Tapia",1,503.42,505.9,100
"516+600
551+156",70,"St. Lugoj
linia 2 directă,
porțiunea cuprinsă între sch. 28 (extrem) și semnal Y st. Lugoj și 
Lugoj - 
Ax st. Recaș",1,516.6,551.156,100
"551+156
570+670",50,"Ax st. Recaș -
Ax st. Timișoara Est",1,551.156,570.67,100
"586+500
590+800",50,"Timişoara Nord -
Cărpiniş",1,586.5,590.8,100
"597+630
598+535",30,"St. Cărpiniş
linia 2 directă",1,597.63,598.535,100
"26+000
26+050",30,NA,2,26,26.05,100
"45+000
46+600",70,NA,2,45,46.6,100
"73+500
74+250",30,"Fără inductori.
Afectează intrări - ieşiri peste sch. 2, 8 și 10.",2,73.5,74.25,100
"84+280
85+880",30,Fără inductori.,2,84.28,85.88,100
"97+600
97+650",30,Fără inductori.,2,97.6,97.65,100
"100+630
100+680",70,"Afectează intrări - ieşiri peste TDJ 42 / 44 și linia 3.
Fără inductori.",2,100.63,100.68,100
"101+800
103+200",30,Fără inductori.,2,101.8,103.2,100
"107+450
108+850",60,"Afectează intrări - ieşiri peste sch. 3, 5 și 4.
Fără inductori.",2,107.45,108.85,100
"115+550
118+400",70,Semnalizată ca limitare de viteză.,2,115.55,118.4,100
"138+550
138+610",30,Fără inductori.,2,138.55,138.61,100
"143+300
143+700",30,Fără inductori.,2,143.3,143.7,100
"147+100
148+450",70,"Afectează intrări - ieşiri peste sch. 1, 9, 11, 4, 6 și 10.
Fără inductori.",2,147.1,148.45,100
"153+800
155+050",70,Fără inductori.,2,153.8,155.05,100
"177+550
177+600",30,"Fără inductori.
Afectează intrări - ieşiri peste sch. 2.",2,177.55,177.6,100
"199+050
199+150",70,"Semnalizată ca limitare de viteză.
Fără inductori.
Afectează intrări - ieşiri peste sch. 4 și 6.",2,199.05,199.15,100
"200+200
200+400",30,Fără inductori.,2,200.2,200.4,100
"261+400
261+500",70,"Fără inductori. 
Afectează intrări - ieşiri peste sch. 5 și 7.
Semnalizată ca limitare de viteză.",2,261.4,261.5,100
"271+500
271+700",50,Fără inductori.,2,271.5,271.7,100
"286+180
286+400",50,"Fără inductori.
Afectează intrări - ieşiri peste sch. 18, 14 și 4.",2,286.18,286.4,100
"287+640
287+690",30,"*Valabil pentru trenurile care au în componență  două locomotive cuplate.
Nesemnalizată pe teren.",2,287.64,287.69,100
"294+700
294+750",30,Fără inductori.,2,294.7,294.75,100
"298+280
299+480",30,Fără inductori.,2,298.28,299.48,100
"303+850
304+100",30,Fără inductori.,2,303.85,304.1,100
"299+480
310+500",70,"Semnalizată ca limitare de viteză.
Din linia 3 directă Strehaia se continuă linia simplă Strehaia - Ciochiuța.",2,299.48,310.5,100
"309+100
309+250",30,"Afectează intrări - ieşiri peste sch. 3, 7 și 9.
Fără inductori.",2,309.1,309.25,100
"310+250
310+300",30,"Fără inductori.
Afectează intrări - ieşiri peste sch. 24.",2,310.25,310.3,100
"354+400
354+700",30,Fără inductori.,2,354.4,354.7,100
"356+850
356+950",50,Fără inductori.,2,356.85,356.95,100
"30+200
30+400",30,"Ciocăneşti -
Ghergani",1,30.2,30.4,101
"35+400
36+900",30,"St. Ghergani
zonă aparate de cale Cap X și Cap Y și 
linia 3 directă",1,35.4,36.9,101
"48+850
53+000",NA,"Titu -
Fusea",1,48.85,53,101
"89+100
89+150",30,"Leordeni - 
Călineşti",1,89.1,89.15,101
"94+390
94+440",30,"Călineşti -
Goleşti",1,94.39,94.44,101
"99+500
99+550",10,"St. Goleşti
linia 3 directă",1,99.5,99.55,101
"188+700
188+800",30,"St. Slatina
linia 2 directă",1,188.7,188.8,101
"205+450
206+545",30,"St. Piatra Olt
linia 3 directă
(din călcâiul schimbătorului numărul 23 până la călcâiul schimbătorului numărul 14)",1,205.45,206.545,101
"206+050
206+100",10,"St. Piatra Olt
peste sch. 50",1,206.05,206.1,101
"217+725
218+050",70,"St. Balş
linia 2 directă Cap X",1,217.725,218.05,101
"219+775
219+935",30,"Balş -
Robăneşti",1,219.775,219.935,101
"221+910
221+960",30,"Balş -
Robăneşti",1,221.91,221.96,101
"226+550
226+600",50,"Balş -
Robăneşti",1,226.55,226.6,101
"249+150
250+300",30,"St. Craiova
linia 3A+3B",1,249.15,250.3,101
"14+150
15+200",50,"Șantier mobil.
Protecție muncitori.",2,14.15,15.2,101
"42+000
54+500",70,NA,2,42,54.5,101
"66+000
68+000",70,NA,2,66,68,101
"89+100
89+150",30,"Afectează intrări - ieşiri peste TN km 89+125.
Semnalizată ca limitare de viteză.",2,89.1,89.15,101
"94+390
94+440",30,"Semnalizată ca limitare de viteză.
Trecere la nivel km.94+413.",2,94.39,94.44,101
"99+450
99+550",10,"Nesemnalizată pe teren.
Restricție cuprinsă între călcâi sch. 17 și semnal ieșire Y4.
Afectează intrări la linia 4 din direcțiile Pitești, Ștefănești, Călinești, 
 firele I și II.
Afectează ieşiri de la 
linia 4 în direcția Călinești, firele I și II.",2,99.45,99.55,101
"111+969
112+968",15,"St. Bradu de Sus
linia 3 directă",1,111.969,112.968,102
"6+290
6+410",15,"St. Bucureşti Progresu
peste sch. 3, 6, 11 și 13",1,6.29,6.41,103
"7+365
7+415",10,"St. Jilava
peste sch. 3A",1,7.365,7.415,103
"57+050
64+900",30,"Ax st. Rădulești -
Ax st. Videle
(linia 2 directă Videle)",1,57.05,64.9,105
"68+800
69+600",30,"Giurgiu Nord - 
Russe",1,68.8,69.6,106 A
"40+320
40+370",30,"Aninoasa - 
Doicești",1,40.32,40.37,107
"59+000
59+200",30,"St. Fieni
Cap Y",1,59,59.2,107
"63+600
63+800",30,"Fieni -
Pietroşiţa",1,63.6,63.8,107
"107+550
107+600",30,"Ştefăneşti - 
Ciumeşti",1,107.55,107.6,108
"107+600
107+800",30,"Ştefăneşti - 
Ciumeşti",1,107.6,107.8,108
"115+600
115+650",30,"Ciumeşti -
Stâlpeni",1,115.6,115.65,108
"129+535
129+585",30,"Ciumeşti -
Stâlpeni",1,129.535,129.585,108
"137+685
137+735",30,"Stâlpeni -
Câmpulung",1,137.685,137.735,108
"117+240
145+770",50,"Bascov -
Curtea de Argeș",1,117.24,145.77,109
"206+050
206+100",10,"St. Piatra Olt
peste sch. 50",1,206.05,206.1,112
"218+050
219+550",30,"Piatra Olt -
Vlăduleni",1,218.05,219.55,112
"231+335
231+405",30,"Romula -
Caracal",1,231.335,231.405,112
"231+600
231+970",30,"Romula -
Caracal",1,231.6,231.97,112
"15+090
15+140",30,"Gilort - 
Tulburea",1,15.09,15.14,116
"17+830
17+880",30,"Gilort -
Tulburea",1,17.83,17.88,116
"18+190
18+240",30,"Gilort -
Tulburea",1,18.19,18.24,116
"20+645
20+695",30,"Tulburea-
Bibești",1,20.645,20.695,116
"21+600
21+710",30,"Tulburea-
Bibești",1,21.6,21.71,116
"25+470
25+520",30,"Tulburea-
Bibesti",1,25.47,25.52,116
"28+740
28+790",30,"Bibeşti -
Musculeşti",1,28.74,28.79,116
"40+850
40+900",30,"St. Jupâneşti
linia 1 directă, Cap X",1,40.85,40.9,116
"45+660
45+740",30,"Jupâneşti -
Cărbuneşti",1,45.66,45.74,116
"51+565
51+615",30,"Pojogeni -
Copăcioasa",1,51.565,51.615,116
"53+270
53+320",30,"Pojogeni -
Copăcioasa",1,53.27,53.32,116
"55+800
55+850",30,"Pojogeni -
Copăcioasa",1,55.8,55.85,116
"69+570
69+620",15,"St. Târgu Jiu
peste TDJ  5 / 7",1,69.57,69.62,116
"74+200
74+300",15,"St. Ec. Teodoroiu
linia 2 directă",1,74.2,74.3,116
"74+300
75+130",50,NA,1,74.3,75.13,116
"77+685
77+735",30,"Ec. Teodoroiu -
Parângu",1,77.685,77.735,116
"85+660
85+710",30,"St. Bumbești
linia 1 directă",1,85.66,85.71,116
"92+700
92+850",30,"Valea Sadului - 
Meri",1,92.7,92.85,116
"96+250
96+320",30,"Meri -
Lainici",1,96.25,96.32,116
"98+600
99+100",30,"Meri -
Lainici",1,98.6,99.1,116
"100+420
100+480",30,"Meri -
Lainici",1,100.42,100.48,116
"103+930
104+831",30,"Lainici –
Pietrele Albe",1,103.93,104.831,116
"107+500
108+200",30,"St. Pietrele Albe
linia 3 directă",1,107.5,108.2,116
"84+710
83+300",30,"Livezeni
linia 2 directă",1,84.71,83.3,116
"65+450
61+300",30,"Bănița -
Merișor 
și Merișor 
linia 3 directă",1,65.45,61.3,116
"57+185
56+050",30,"St. Crivadia
liniile 1 și 2 directe",1,57.185,56.05,116
"44+600
44+100",30,"St. Pui
linia 3 directă, Cap X",1,44.6,44.1,116
"36+300
34+800",30,"Băiești -
Subcetate",1,36.3,34.8,116
"30+050
29+500",30,"St. Subcetate
linia 4 directă Cap X",1,30.05,29.5,116
"23+250
21+920",30,St. Bretea Streiului linia 2 directă,1,23.25,21.92,116
"11+650
10+800",60,"Călan -
Călan Băi
și st. Călan Băi
liniile 2 și 3 directe
Cap X",1,11.65,10.8,116
"3+720
3+610",70,"St. Simeria Triaj
Grupa D, linia 1D
Cap X, peste sch. 57A",1,3.72,3.61,116
"3+200
2+100",30,"St. Simeria Triaj
Grupa D, 
linia 5D directă, cuprinsă între 
T.D.J. 64 / 72 şi 
T.D.J. 139 / 141",1,3.2,2.1,116
"77+830
77+535",30,NA,2,77.83,77.535,116
"64+500
60+800",30,Fără inductori.,2,64.5,60.8,116
"57+185
56+050",30,Fără inductori.,2,57.185,56.05,116
"51+050
55+000",30,Fără inductori.,2,51.05,55,116
"23+250
21+920",30,NA,2,23.25,21.92,116
"11+650
10+800",60,"Semnalizată ca limitare de viteză.
Cuprinde zona aparatelor de cale din Cap X.",2,11.65,10.8,116
"27+250
27+350",30,"St. Motru Est
linia 3 directă",1,27.25,27.35,136
"1+685
2+000",30,"F1 Gura Motrului -
Turceni",1,1.685,2,143
"12+900
13+200",30,"St. Turceni
Cap X",1,12.9,13.2,143
"21+500
21+700",30,"Turceni -
Plopşoru",1,21.5,21.7,143
"34+550
34+600",50,"Plopşoru - 
Rovinari",1,34.55,34.6,143
"36+350
36+400",30,"Plopşoru - 
Rovinari",1,36.35,36.4,143
"43+600
44+420",30,"Plopşoru - 
Rovinari",1,43.6,44.42,143
"44+120
44+420",30,"Plopşoru - 
Rovinari",1,44.12,44.42,143
"51+200
51+250",15,"St. Rogojelu
linia 5 directă",1,51.2,51.25,143
"53+300
53+600",30,"Rogojelu -
Cârbeşti",1,53.3,53.6,143
"57+800
57+900",30,"St. Cârbeşti
 linia 2 directă",1,57.8,57.9,143
"69+570
69+620",15,"St. Târgu Jiu
peste TDJ 5 / 7",1,69.57,69.62,143
"14+290
15+030",15,"Afectează intrări - ieşiri 
la schimbătorul numărul 6.
Fără inductori.",2,14.29,15.03,143
"21+500
21+700",30,Fără inductori.,2,21.5,21.7,143
"51+050
51+250",15,"Afectează intrări - ieşiri la sch. nr. 5, 9, TDJ 13 / 17, sch. nr. 21.
Fără inductori.",2,51.05,51.25,143
"12+900
13+200",30,"St. Turceni
Cap X",1,12.9,13.2,144
"18+300
19+000",50,"Turceni -
Borăscu",1,18.3,19,144
"27+100
27+175",30,"Borăscu -
Drăgoteşti",1,27.1,27.175,144
"14+290
15+030",15,"Afectează intrări - ieşiri peste schimbătorul nr. 6 .
Fără inductori.",2,14.29,15.03,144
"402+520
502+570",100,"Coșlariu - 
Sântimbru",1,402.52,502.57,200
"510+800
517+400",30,"St. Gurasada 
linia 2 directă și
Gurasada -
Zam",1,510.8,517.4,200
"524+300
529+300",30,"Cîmpuri Surduc -
Ilteu",1,524.3,529.3,200
"533+900
536+750",30,"Zam - 
Ilteu,
st. Ilteu linia 2 directă
și Ilteu -
Săvîrșin",1,533.9,536.75,200
"540+850
540+950",30,"Ilteu  -
Săvîrșin",1,540.85,540.95,200
"544+100
547+800",30,"Ilteu  -
Săvîrșin 
linia 3 directă Săvîrșin și Săvîrșin -
Vărădia",1,544.1,547.8,200
"552+350
552+700",30,"St. Vărădia
linia 3 directă proiectată Cap X",1,552.35,552.7,200
"562+520
563+700",30,"St. Bătuţa 
linia 2 directă",1,562.52,563.7,200
"574+580
574+630",30,"Bârzava Nouă - 
Conop",1,574.58,574.63,200
"582+925
582+975",30,"Conop - 
Milova",1,582.925,582.975,200
"588+400
588+500",30,"Milova - 
Radna",1,588.4,588.5,200
"594+750
594+950",30,"St. Radna 
linia 3 directă Cap X",1,594.75,594.95,200
"605+600
611+200",120,"St. Ghioroc 
linia 2 directă și 
Ghioroc -
Glogovăț",1,605.6,611.2,200
"625+650
625+700",70,"Glogovăț -
Arad",1,625.65,625.7,200
"437+208
449+508
(km noi)",120,NA,2,437.208,449.508,200
"449+509
472+424",100,Pozițiile kilometrice reprezintă axele stațiilor.,2,449.509,472.424,200
"459+000
459+100",50,Fără inductori.,2,459,459.1,200
"471+050
471+100",30,"Fără inductori.
Lucrări Coridor IV.
Podeț provizoriu.",2,471.05,471.1,200
"491+580
491+730",30,"Fără inductori.
Lucrări Coridor IV.
Podețe provizorii.",2,491.58,491.73,200
"499+150
500+500",30,"Fără inductori.
Restricție protecție terasament.
Lucrări Coridor IV.",2,499.15,500.5,200
"502+650
505+000",30,"Fără inductori.
Podețe provizorii.
Lucrări Coridor IV.",2,502.65,505,200
"604+918
611+200",120,"Poziții kilometrice noi.
Km nou 611+200 coincide cu kilometrul vechi 614+000.",2,604.918,611.2,200
"625+650
625+700",100,NA,2,625.65,625.7,200
"214+880
214+930",30,"Piatra Olt -
Arceşti",1,214.88,214.93,203
"220+445
220+495",30,"Arceşti -
Strejeşti",1,220.445,220.495,203
"221+075
221+125",30,"Arceşti -
Strejeşti",1,221.075,221.125,203
"228+720
228+770",30,"Strejeşti -
Zlătărei",1,228.72,228.77,203
"241+940
241+990",30,"Drăgăşani -
Zăvideni",1,241.94,241.99,203
"243+000
243+050",30,"Drăgăşani -
Zăvideni",1,243,243.05,203
"249+040
249+090",30,"Drăgăşani -
Zăvideni",1,249.04,249.09,203
"249+500
249+550",30,"Drăgăşani -
Zăvideni",1,249.5,249.55,203
"251+060
251+110",30,"Zăvideni -
Fişcălia",1,251.06,251.11,203
"251+665
251+715",30,"Zăvideni -
Fişcălia",1,251.665,251.715,203
"267+020
267+070",30,"Ioneşti -
Băbeni",1,267.02,267.07,203
"268+225
268+275",30,"Ioneşti -
Băbeni",1,268.225,268.275,203
"269+145
269+195",30,"Ioneşti -
Băbeni",1,269.145,269.195,203
"270+560
270+610",30,"Ioneşti -
Băbeni",1,270.56,270.61,203
"300+200
300+600",30,"Bujoreni -
Dăeşti",1,300.2,300.6,203
"320+835
320+999",10,"Cozia -
Lotru",1,320.835,320.999,203
"332+400
332+700",30,"Lotru - 
Cornet",1,332.4,332.7,203
"347+200
347+550",30,"Câineni -
Valea Mărului",1,347.2,347.55,203
"357+730
357+780",15,"Câineni -
Valea Mărului",1,357.73,357.78,203
"363+600
366+600",30,"Valea Mărului -
Podu Olt",1,363.6,366.6,203
"369+864
369+989",30,"St. Podu Olt
Cap X",1,369.864,369.989,203
"378+450
378+500",30,"Tălmaciu -
Sibiu Grupa Şelimbăr",1,378.45,378.5,203
"404+100
405+100",30,"Ocna Sibiului -
Loamneş",1,404.1,405.1,203
"369+864
369+989",30,"Nesemnalizată pe teren.
Afectează intrări - ieşiri 
la liniile 1 - 6 (peste trecere la nivel Cap X).",2,369.864,369.989,203
"372+100
374+097",30,Fără inductori.,2,372.1,374.097,203
"378+500
382+200",30,Fără inductori.,2,378.5,382.2,203
"387+615
392+200",50,Nesemnalizată pe teren.,2,387.615,392.2,203
"1+500
2+500",30,"Braşov -
Bartolomeu",1,1.5,2.5,205
"3+500
4+700",30,"St. Bartolomeu
linia 4 directă",1,3.5,4.7,205
"4+700
4+900",15,"St. Bartolomeu
linia 4 directă",1,4.7,4.9,205
"9+100
10+100",50,"St. Ghimbav
linia 2 directă",1,9.1,10.1,205
"35+550
36+600",30,"Vlădeni Ardeal –
Brădet",1,35.55,36.6,205
"37+400
38+300",30,"Vlădeni Ardeal –
Brădet",1,37.4,38.3,205
"41+200
41+800",30,"Brădet -
Şercaia",1,41.2,41.8,205
"119+700
119+800",30,"Avrig -
Podu Olt",1,119.7,119.8,205
"19+550
20+700",70,"St. Băile Calacea
linia 3 directă",1,19.55,20.7,218
"25+700
26+950",50,"St. Orțișoara
linia 2 directă",1,25.7,26.95,218
"32+100
33+200",70,"St. Vinga
 linia 2 directă",1,32.1,33.2,218
"35+350
35+550",30,"Vinga -
Șag",1,35.35,35.55,218
"35+550
38+450",70,NA,1,35.55,38.45,218
"46+130
46+180",30,"St. Valea Viilor
linia 2 directă Cap Y",1,46.13,46.18,218
"8+600
8+650",30,"St. Chitila
Cap X, peste sch. 1",1,8.6,8.65,300
"164+200
164+500",30,"St. Dârste
linia 3 directă",1,164.2,164.5,300
"169+400
169+600",15,St. Braşov,1,169.4,169.6,300
"169+864
183+045",50,"Ax st. Brașov -
Ax st. Bod",1,169.864,183.045,300
"179+020
179+120",30,"Stupini -
Bod",1,179.02,179.12,300
"188+190
190+500",30,"Bod –
Feldioara",1,188.19,190.5,300
"194+600
194+650",50,"Feldioara –
Apaţa",1,194.6,194.65,300
"196+300
207+200",50,"Feldioara -
Apaţa",1,196.3,207.2,300
"207+700
208+600",50,"Apața - 
Augustin
și linia 3 directă
st. Apaţa",1,207.7,208.6,300
"208+600
209+100",30,"Apaţa -
Augustin",1,208.6,209.1,300
"209+100
211+500",50,"Apaţa -
Augustin",1,209.1,211.5,300
"213+700
216+100",50,"Apaţa -
Augustin",1,213.7,216.1,300
"216+100
217+300",30,"Apaţa -
Augustin",1,216.1,217.3,300
"217+300
218+700",50,"Apaţa -
Augustin",1,217.3,218.7,300
"243+900
244+000",30,"Racoş -
Rupea",1,243.9,244,300
"244+000
245+200",50,"St. Rupea
linia 4 directă",1,244,245.2,300
"245+000
245+100",50,"Rupea -
Caţa",1,245,245.1,300
"252+700
254+400",50,"St. Cața 
linia 3 directă și 
Caţa -
Beia",1,252.7,254.4,300
"257+500
257+600",50,"Cața -
Beia",1,257.5,257.6,300
"288+300
288+574",70,"St. Vânători
linia 2 directă",1,288.3,288.574,300
"297+500
297+700",50,"Albeşti Tîrnava -
Sighişoara",1,297.5,297.7,300
"297+500
299+177",50,"Albeşti Tîrnava -
Sighişoara
și linia 3 directă 
st. Sighișoara",1,297.5,299.177,300
"308+450
315+650",120,"Daneș -
Dumbrăveni",1,308.45,315.65,300
"324+100
330+350",120,"Dumbrăveni -
Mediaș",1,324.1,330.35,300
"334+594
344+905",120,"Ax st. Mediaș -
Ax st. Copșa Mică",1,334.594,344.905,300
"347+300
352+400",120,"Copşa Mică -
Valea Lungă",1,347.3,352.4,300
"399+623
412+700",80,"Ax st. Teiuş -
Ax st. Aiud",1,399.623,412.7,300
"408+750
408+800",20,"Teiuş -
Aiud",1,408.75,408.8,300
"411+500
413+700",50,"Teiuş -
Aiud
şi linia 4 directă
St. Aiud",1,411.5,413.7,300
"425+900
427+300",30,"St. Unirea
linia 3 directă",1,425.9,427.3,300
"467+800
469+200",30,"Valea Florilor -
Boju",1,467.8,469.2,300
"616+875
616+925",30,"Vadu Crişului -
Aleşd",1,616.875,616.925,300
"169+400
169+600",15,"Semnalizată ca limitare de viteză.
Fără inductori.
Afectează intrări - ieşiri la liniile 3 - 8 Cap X.",2,169.4,169.6,300
"169+525
169+610",15,"Nesemnalizată pe teren.
Afectează intrări - ieşiri la liniile 1 - 3 Cap X.",2,169.525,169.61,300
"170+350
170+530",15,"Semnalizată ca limitare de viteză.
Fără inductori.
Staţia Braşov  Călători 
este staţie paralelogram 
şi linia 4 directă de la 
ax staţie spre staţia Dârste este pe linia I - 300, 
iar spre staţia Stupini 
este pe linia II - 300.",2,170.35,170.53,300
"183+750
183+900",50,"Semnalizată ca limitare de viteză.  
Fără inductori.",2,183.75,183.9,300
"186+900
189+100",30,"Semnalizată ca limitare de viteză.  
Cu inductori în capătul dinspre Feldioara.",2,186.9,189.1,300
"189+100
190+750",50,"Semnalizată ca limitare de viteză.
Fără inductori.",2,189.1,190.75,300
"190+750
191+300",30,"Semnalizată ca limitare de viteză.
Fără inductori.",2,190.75,191.3,300
"191+300
191+856",70,"Semnalizată ca limitare de viteză.   
Fără inductori.",2,191.3,191.856,300
"192+300
192+500",15,"Semnalizată ca limitare de viteză.   
Fără inductori.",2,192.3,192.5,300
"243+900
244+000",50,"*Valabil pentru trenurile care au în componență două locomotive cuplate.
Pod km 243+941.
Nesemnalizată pe teren.",2,243.9,244,300
"245+000
245+100",50,"*Valabil pentru trenurile care au în componență două locomotive cuplate.
Pod km 245+050.
Nesemnalizată pe teren.",2,245,245.1,300
"262+700
262+900",30,"Fără inductori.
(Protecție muncitori).",2,262.7,262.9,300
"288+300
288+574",70,Semnalizată ca limitare de viteză.,2,288.3,288.574,300
"297+500
297+700",50,"*Valabil pentru trenurile care au în componență două locomotive cuplate.
Pod km 297+609.
Nesemnalizată pe teren.",2,297.5,297.7,300
"297+500
299+177",50,Semnalizată ca limitare de viteză.,2,297.5,299.177,300
"308+450
315+650",120,Semnalizată ca limitare de viteză.,2,308.45,315.65,300
"324+100
330+350",120,Semnalizată ca limitare de viteză.,2,324.1,330.35,300
"334+594
344+905",120,Nesemnalizată pe teren.,2,334.594,344.905,300
"347+300
352+400",120,Semnalizată ca limitare de viteză.,2,347.3,352.4,300
"408+750
408+800",20,"Semnalizată ca limitare de viteză.
Viteza se va spori după trecerea locomotivei (vizibilitate trecere la nivel).",2,408.75,408.8,300
"411+900
413+500",50,NA,2,411.9,413.5,300
"425+900
427+300",30,Semnalizată ca limitare de viteză.,2,425.9,427.3,300
"456+500
456+700",30,NA,2,456.5,456.7,300
"490+600
490+650",50,NA,2,490.6,490.65,300
"7+800
28+500",30,Semnalizată ca limitare de viteză.,2,7.8,28.5,301 Bb
"0+000
2+500",5,"București Sud 
Gr. Tehnică -
Antestaţia Faur",1,0,2.5,301 De
"67+700
67+750",15,"St. Bucureşti Vest
Cap X
peste sch. 15",1,67.7,67.75,301 Eb
"59+280
59+330",15,"St. Vârteju
Cap X
peste sch. 12",1,59.28,59.33,301 Eb
"60+300
60+450",15,"St. Vârteju
peste sch. 5, 9, 13 și 15",1,60.3,60.45,301 Eb
"51+450
53+500",30,"Vârteju -
Jilava",1,51.45,53.5,301 Eb
"51+310
51+370",10,"St. Jilava
Cap X, peste TDJ 19/45",1,51.31,51.37,301 Eb
"67+635
67+685",15,"Nesemnalizată pe teren.
Afectează intrări - ieşiri peste sch. 17 și la liniile 
3 - 6 și 10.",2,67.635,67.685,301 Eb
"52+220
52+120",10,Nesemnalizată pe teren.,2,52.22,52.12,301 Eb
"0+900
3+500",30,"Semnalizată Cap Chitila cu palete galbene cu diagonală.
Fără inductori.",2,0.9,3.5,301 F
toată linia,10,"Linia Variantă D2 
Post Giulești - 
Rudeni",1,0,0,301 F1
"1+800
5+881",30,"București Triaj - 
Mogoșoaia",1,1.8,5.881,301 K
"0+000
0+900",5,"București Triaj -
Bucureștii Noi",1,0,0.9,301 M
"2+800
2+900",30,"St. Bucureşti Nord -
Chitila",1,2.8,2.9,301 N
"2+816
9+475",10,"București Vest - 
Antestație Cotroceni",1,2.816,9.475,301T
"0+300
0+450",15,"București Triaj - Bucureștii Noi (Guvernamentală) peste TDJ  2C / 4C și sch. nr. 6C, 8C, 10C 
și 12C",1,0.3,0.45,301 X
"0+650
0+800",15,"București Triaj - Bucureștii Noi (Guvernamentală) peste sch. nr. 7C, 9C 
și 11C",1,0.65,0.8,301 X
"4+575
4+625",30,"Ploiești Sud - 
Ploiești Nord",1,4.575,4.625,305
"40+840
40+890",30,I. L. Caragiale - Târgovişte Nord,1,40.84,40.89,306
"43+000
52+000",30,I. L. Caragiale - Târgovişte Nord,1,43,52,306
"0+200
34+034",50,"Buda -
Slănic",1,0.2,34.034,311
"4+935
4+985",30,"Buda -
Plopeni Sat",1,4.935,4.985,311
"10+965
11+015",30,"Buda -
Plopeni Sat",1,10.965,11.015,311
"13+300
13+400",15,"Plopeni Sat -
Slănic",1,13.3,13.4,311
"16+150
16+250",15,"Plopeni Sat -
Slănic",1,16.15,16.25,311
"22+880
22+840",5,"Plopeni Sat -
Slănic",1,22.88,22.84,311
"23+850
23+870",5,"Plopeni Sat -
Slănic",1,23.85,23.87,311
"23+870
23+850",10,"Slănic -
Plopeni Sat",1,23.87,23.85,311
"26+170
26+220",15,"Plopeni Sat -
Slănic",1,26.17,26.22,311
"27+010
27+125",30,"Plopeni Sat -
Slănic",1,27.01,27.125,311
"27+640
27+660",5,"Plopeni Sat -
Slănic",1,27.64,27.66,311
"28+740
28+790",15,"Plopeni Sat -
Slănic",1,28.74,28.79,311
"30+125
30+155",20,"Plopeni Sat -
Slănic",1,30.125,30.155,311
"31+210
31+260",30,"Plopeni Sat -
Slănic",1,31.21,31.26,311
"31+700
31+750",30,"Plopeni Sat -
Slănic",1,31.7,31.75,311
"7+600
7+800",30,"St. Hărman 
linia 4 directă",1,7.6,7.8,316
"120+488
131+315",50,"Ax st. Izvoru Oltului  -
Ax st. Izvoru Mureșului",1,120.488,131.315,316
"121+900
122+200",30,"Izvoru Oltului -
Izvoru Mureşului",1,121.9,122.2,316
"161+700
162+700",30,"St. Ditrău
linia 3 directă",1,161.7,162.7,316
"191+330
191+350",5,"Topliţa -
Stânceni",1,191.33,191.35,316
"241+370
250+241",50,"Aluniş Mureş -
Reghin
și linia 2 directă 
st. Reghin",1,241.37,250.241,316
"254+900
255+000",30,"Reghin -
Dumbrăvioara",1,254.9,255,316
"276+560
276+680",20,"Dumbrăvioara -
Târgu Mureş Nord",1,276.56,276.68,316
"328+900
329+100",30,"Lusuș - 
Gligorești",1,328.9,329.1,316
"8+480
9+705",50,St. Jucu,1,8.48,9.705,412
"15+400
16+750",50,"St. Bonţida -
Călcâi sch. 4 A -
Călcâi sch. 3 A",1,15.4,16.75,412
"22+360
23+410",50,"St. Iclod -
Călcâi sch. 2 -
Călcâi sch. 3A",1,22.36,23.41,412
"45+800
46+203",30,"St. Dej Călători
linia 2 X",1,45.8,46.203,412
"58+500
58+550",30,"Cășei -
Gâlgău",1,58.5,58.55,412
"77+425
77+475",30,"Gâlgău -
Ileanda",1,77.425,77.475,412
"86+300
86+350",50,"Ileanda -
Răstoci",1,86.3,86.35,412
"93+360
93+410",30,"Răstoci -
Letca",1,93.36,93.41,412
"99+000
100+000",30,"St. Letca
linia 2 directă",1,99,100,412
"111+729
111+891",30,"Băbuțeni -
Surduc Sălaj",1,111.729,111.891,412
"113+820
113+870",30,"Băbuțeni -
Surduc Sălaj",1,113.82,113.87,412
"169+000
171+400",70,"Satulung pe Someş -
Baia Mare",1,169,171.4,412
"172+530
172+680",30,"Satulung pe Someş -
Baia Mare",1,172.53,172.68,412
"16+254
16+800",50,Semnalizată ca limitare de viteză.,2,16.254,16.8,412
"22+360
22+704",50,Semnalizată ca limitare de viteză.,2,22.36,22.704,412
"20+810
20+942",10,"Coldău –
Beclean pe Someş",1,20.81,20.942,416
"24+150
24+200",50,"St. Beclean pe Someş
peste T.D.J. 6 / 10",1,24.15,24.2,416
"14+250
14+500",50,"Nimigea - 
Salva",1,14.25,14.5,416
"40+150
40+200",30,"Feldru -
Ilva Mică",1,40.15,40.2,416
"43+490
43+540",30,"St. Ilva Mică
Cap X
peste TDJ 3 / 5",1,43.49,43.54,416
"12+700
14+000",50,Fără inductori.,2,12.7,14,416
"20+810
20+942",10,NA,2,20.81,20.942,416
"24+150
24+200",50,Fără inductori.,2,24.15,24.2,416
"46+790
47+730",70,"Măgheruș Șieu - 
Sărăţel",1,46.79,47.73,418
"63+000
65+100",30,"St. Ploieşti Est
linia 6 directă și
zonă aparate de cale Cap X + Cap Y",1,63,65.1,500
"74+500
74+580",15,"Valea Călugărească -
Cricov",1,74.5,74.58,500
"159+220
159+340",15,"Zoiţa -
Râmnicu Sărat",1,159.22,159.34,500
"208+500
208+550",30,"Focşani -
Putna Seacă",1,208.5,208.55,500
"214+600
214+690",15,"Putna Seacă  -
Mărăşeşti",1,214.6,214.69,500
"231+570
231+610",15,"Pădureni Putna -
Pufeşti",1,231.57,231.61,500
"232+300
233+400",70,"St. Pufeşti
linia 3 directă",1,232.3,233.4,500
"240+650
241+000",15,"Pufeşti -
Adjud",1,240.65,241,500
"243+100
243+250",70,"St. Adjud
linia 3 directă Cap X",1,243.1,243.25,500
"246+100
246+200",70,"St. Adjud
 linia 3 directă Cap Y",1,246.1,246.2,500
"63+000
65+100",30,NA,2,63,65.1,500
"74+500
74+580",15,"*Valabil pentru trenurile care au în componență două locomotive cuplate.
Nesemnalizată pe teren.",2,74.5,74.58,500
"159+220
159+340",15,"*Valabil pentru trenurile care au în componență două locomotive cuplate.
Nesemnalizată pe teren.",2,159.22,159.34,500
"162+506
175+400",70,NA,2,162.506,175.4,500
"208+500
208+550",30,"De la ora 0,00 din 01.IV
până la ora 15,00 din 02.IV.",2,208.5,208.55,500
"214+600
214+690",15,"*Valabil pentru trenurile care au în componență două locomotive cuplate.
Nesemnalizată pe teren.",2,214.6,214.69,500
"231+570
231+610",15,"*Valabil pentru trenurile care au în componență două locomotive cuplate.
Nesemnalizată pe teren.",2,231.57,231.61,500
"232+050
233+400",70,Afectează intrări - ieşiri peste sch. 11 și 18.,2,232.05,233.4,500
"240+650
241+000",15,"*Valabil pentru trenurile care au în componență două locomotive cuplate.
Nesemnalizată pe teren.",2,240.65,241,500
"246+150
246+200",70,Afectează intrări - ieşiri peste sch. 2.,2,246.15,246.2,500
"288+100
290+400",70,NA,2,288.1,290.4,500
"308+677
308+893",30,"*Valabil pentru trenurile care au în componență două locomotive cuplate.
Nesemnalizată pe teren.",2,308.677,308.893,500
"4+000
8+000",50,"Adjud -
Urecheşti",1,4,8,504
"11+600
11+900",30,"Urecheşti –
Căiuţi",1,11.6,11.9,504
"11+640
11+900",10,"Urecheşti –
Căiuţi",1,11.64,11.9,504
"32+300
32+800",30,"Borzeşti BC - 
Oneşti",1,32.3,32.8,504
"38+450
38+610",10,"Oneşti -
Târgu Ocna",1,38.45,38.61,504
"42+300
43+700",50,"Oneşti -
Târgu Ocna",1,42.3,43.7,504
"50+450
50+550",30,"St. Târgu Ocna
linia 1 directă, Cap Y",1,50.45,50.55,504
"53+410
53+530",10,"Târgu Ocna -
Dofteana",1,53.41,53.53,504
"54+190
54+300",10,"Târgu Ocna -
Dofteana",1,54.19,54.3,504
"54+200
54+750",30,"Târgu Ocna -
Dofteana BC",1,54.2,54.75,504
"54+650
54+720",10,"Târgu Ocna -
Dofteana",1,54.65,54.72,504
"55+060
55+170",10,"Târgu Ocna -
Dofteana",1,55.06,55.17,504
"60+400
60+500",10,"Târgu Ocna -
Dofteana",1,60.4,60.5,504
"65+550
65+750",30,"Dofteana -
Valea Uzului",1,65.55,65.75,504
"65+570
65+710",10,"Dofteana -
Valea Uzului",1,65.57,65.71,504
"67+800
67+850",30,"St. Valea Uzului
linia 2 directă Cap Y",1,67.8,67.85,504
"69+220
69+400",10,Valea Uzului - Comăneşti,1,69.22,69.4,504
"75+100
75+300",30,"Comăneşti -
Asău",1,75.1,75.3,504
"75+120
75+238",10,"Comăneşti -
Asău",1,75.12,75.238,504
"84+260
84+360",10,"Asău -
Goioasa",1,84.26,84.36,504
"87+860
87+910",30,"Goioasa -
Simbrea",1,87.86,87.91,504
"97+960
98+060",10,"Simbrea - 
Palanca",1,97.96,98.06,504
"105+350
105+970",30,"Palanca -
Ghimeş",1,105.35,105.97,504
"105+720
105+930",10,"Palanca -
Ghimeş",1,105.72,105.93,504
"109+070
109+200",10,"Ghimeş -
Lunca de Mijloc",1,109.07,109.2,504
"4+000
8+000",50,NA,2,4,8,504
"9+600
11+600",50,NA,2,9.6,11.6,504
"11+640
11+900",10,"*Valabil pentru trenurile remorcate cu două locomotive cuplate.
Nesemnalizată pe teren.",2,11.64,11.9,504
"31+400
35+500",30,NA,2,31.4,35.5,504
"3+300
4+200",30,"Bacău -
Gârleni",1,3.3,4.2,507
"1+765
1+987",30,"Dărmănești - 
Cacica",1,1.765,1.987,511
"22+030
22+062",30,"Cacica -
Vârfu Dealului",1,22.03,22.062,511
"0+164
0+214",30,"St. Ilva Mică
Cap X, peste TDJ 3 / 5",1,0.164,0.214,511
"6+700
6+890",30,"Făurei -
Jirlău",1,6.7,6.89,600
"51+300
51+400",15,"Tătăranu -
Bordeasca Nouă",1,51.3,51.4,600
"67+030
67+120",15,"Bordeasca Nouă -
Suraia",1,67.03,67.12,600
"73+300
73+720",30,"Suraia -
Condrea",1,73.3,73.72,600
"247+200
247+300",30,"Frunzeasca -
Berheci",1,247.2,247.3,600
"253+125
253+175",30,"Frunzeasca -
Berheci",1,253.125,253.175,600
"322+000
323+350",50,"Banca –
Crasna",1,322,323.35,600
"323+000
322+400",70,"Semnalizată ca limitare de viteză.
Cu inductori de 2000 Hz.",2,323,322.4,600
"226+560
226+700",15,"* Valabil pentru trenurile care au în componență două locomotive cuplate.
Nesemnalizată pe teren.",2,226.56,226.7,602
"227+200
227+800",15,NA,2,227.2,227.8,602
"șantier mobil
1500 m",50,"Restricție protecție muncitori, zilnic, fără S+D+sărbători legale.",2,NA,NA,610
"19+600
19+700",30,"Racord Aeroport T1 –
Baloteşti",1,19.6,19.7,700
"135+550
135+610",15,"Ruşeţu -
Făurei",1,135.55,135.61,700
"167+400
167+700",15,"St. Făurei
(zonă aparate de cale Cap X aferente 
liniei 4 directe)",1,167.4,167.7,700
"167+350
167+800",30,"St. Făurei
(zonă aparate de cale Cap X aferente 
liniei 3 directe)",1,167.35,167.8,700
"226+800
226+900",15,"Lacu Sărat - 
Brăila",1,226.8,226.9,700
"13+071
16+157",70,NA,2,13.071,16.157,700
"226+800
226+900",15,"*Valabil pentru trenurile care au în componență două locomotive cuplate.
Nesemnalizată pe teren.",2,226.8,226.9,700
"246+100
246+370",30,"*Valabil pentru trenurile care au în componență două locomotive cuplate.
Nesemnalizată pe teren.",2,246.1,246.37,700
"132+374
148+200",50,"Buzău Sud -
Cilibia
și linia 2 directă 
st. Cilibia",1,132.374,148.2,701
"159+000
160+500",50,"Rosetti - 
Făurei
și linia 1 directă 
C.A. Rosetti",1,159,160.5,701
"162+000
167+350",50,"C.A. Rosetti -
 Făurei
(zonă aparate de cale Cap X aferente liniei 
3 directe)",1,162,167.35,701
"167+350
167+800",30,NA,1,167.35,167.8,701
"132+374
158+420",20,"Afectează intrări - ieșiri peste sch. 12, 34, 6, 4 
st. Buzău Sud Cap Y,
sch. 3, 7, 11, 14, 10 și 6
st. Cilibia Cap X + Cap Y,
sch. 3, 7 și 9 st. Rosetti 
Cap X.",2,132.374,158.42,701
"167+400
167+700",15,"Afectează intrări - ieşiri peste sch. 7, 11, 17, 21, 27, 37 și 39 și la liniile 4 - 8 Cap X.",2,167.4,167.7,701
"46+450
55+270",30,NA,2,46.45,55.27,701
"242+800
242+870",30,"Tecuci -
Barcea",1,242.8,242.87,704
"271+040
271+090",15,"Hanu Conachi -
Independenţa",1,271.04,271.09,704
"242+800
242+870",30,"*Valabil pentru trenurile remorcate cu două locomotive cuplate.
Nesemnalizată pe teren.",2,242.8,242.87,704
"271+040
271+090",15,"*Valabil pentru trenurile remorcate cu două locomotive cuplate.
Nesemnalizată pe teren.",2,271.04,271.09,704
"11+010
11+060",70,"Bucureşti Băneasa -
Pantelimon",1,11.01,11.06,800
"27+850
27+900",70,"Pasărea -
Brănești",1,27.85,27.9,800
firul III,NA,"150+800
153+500",1,NA,NA,800
firul III,NA,"163+700
166+500",1,NA,NA,800
"22+950
23+000",70,NA,2,22.95,23,800
"47+700
48+200",100,NA,2,47.7,48.2,800
"107+800
111+730",140,Semnalizată ca limitare de viteză.,2,107.8,111.73,800
"18+100
18+800",15,"St. Titan Sud
linia 1 directă",1,18.1,18.8,802
"18+800
21+200",40,"Titan Sud -
Bucureşti Sud
Grupa Călători",1,18.8,21.2,802
"22+275
22+353",30,"St. Bucureşti Sud
Grupa Călători
Cap Y
peste sch. 2 și 4",1,22.275,22.353,802
"26+650
26+700",50,"Bucureşti Sud
Grupa Călători - 
Budeşti",1,26.65,26.7,802
"30+490
30+540",5,"Bucureşti Sud
Grupa Călători - 
Budeşti",1,30.49,30.54,802
"34+380
34+430",50,"Bucureşti Sud
Grupa Călători - 
Budeşti",1,34.38,34.43,802
"36+500
36+550",5,"St. Bucureşti Sud 
Grupa Călători -
Budeşti",1,36.5,36.55,802
"37+430
37+480",50,"St. Bucureşti Sud 
Grupa Călători -Budeşti",1,37.43,37.48,802
"68+350
68+400",30,"Budeşti - 
Olteniţa",1,68.35,68.4,802
"77+100
77+740",30,"St. Olteniţa 
linia 1 directă",1,77.1,77.74,802
"0+844
15+500",70,"Ploiești Sud -
H.M. Zănoaga",1,0.844,15.5,804
"11+265
11+520",15,"H.M. Corlățești - 
H.M. Zănoaga",1,11.265,11.52,804
"24+600
43+100",70,"Ax H.M. Drăgănești Ph. -
Ax H.M. Ialomița",1,24.6,43.1,804
"43+100
47+010",60,"H.M. Ialomița -
Armăşeşti",1,43.1,47.01,804
"74+550
74+650",30,"Broşteni –
Sărăţuica",1,74.55,74.65,804
"103+500
103+600",30,"Andrăşeşti -
Ramificaţie Amara",1,103.5,103.6,804
"128+250
128+300",5,"Bucu -
Ţăndărei",1,128.25,128.3,804
"135+975
136+025",5,"Bucu -
Ţăndărei",1,135.975,136.025,804
"32+524
43+100",70,"Fără inductori.
Nesemnalizată pe teren.",2,32.524,43.1,804
"15+500
15+450",50,"Slobozia Veche -
Slobozia Sud",1,15.5,15.45,807
"15+320
15+180",30,"Slobozia Veche -
Slobozia Sud",1,15.32,15.18,807
"4+450
4+500",30,"Medgidia –
Nicolae Bălcescu",1,4.45,4.5,812
"13+700
14+200",50,"Medgidia –
Nicolae Bălcescu",1,13.7,14.2,812
"30+300
30+500",30,"Nicolae Bălcescu –
Târguşor Dobrogea",1,30.3,30.5,812
"39+470
39+775",30,"Târguşor Dobrogea -
Cogealac",1,39.47,39.775,812
"62+375
62+425",50,"Cogealac –
Mihai Viteazu",1,62.375,62.425,812
"107+325
107+375",30,"Babadag -
Cataloi",1,107.325,107.375,812
"110+540
110+640",15,"Babadag -
Cataloi",1,110.54,110.64,812
"122+275
122+375",30,"Babadag -
Cataloi",1,122.275,122.375,812
"126+750
126+850",30,"Babadag -
Cataloi",1,126.75,126.85,812
"130+800
131+000",30,"Cataloi -
Tulcea Mărfuri",1,130.8,131,812
"133+000
133+800",30,"Cataloi -
Tulcea Mărfuri",1,133,133.8,812
"134+700
135+500",30,"Cataloi -
Tulcea Mărfuri",1,134.7,135.5,812
firul III,NA,"între sch. 
26 şi 28 
şi 
peste sch. 26       în abatere",1,NA,NA,813
firul III,NA,"peste 
sch. 14 
în abatere",1,NA,NA,813
"0+000
2+272",20,"Agigea Nord - 
Constanța Port Zona C
(linia COMVEX)",1,0,2.272,813
"245+070
245+120",15,"Eforie Sud -
Costineşti",1,245.07,245.12,813
"250+500
250+550",30,"St. Costineşti
linia 2 directă Cap X",1,250.5,250.55,813
"0+000
2+146",20,Nesemnalizată pe teren.,2,0,2.146,813
"0+000
1+000",15,"Agigea Ecluză -
Agigea Sud",1,0,1,813 A
"1+000
2+000",5,"St. Agigea Sud
linia 3 directă, 
de la schimbătorul numărul 1 
la schimbătorul numărul FN 15",1,1,2,813 A
"0+600
1+700",15,"Palas -
Constanţa Mărfuri",1,0.6,1.7,818
"12+400
17+600",15,Fără inductori.,2,12.4,17.6,818
"22+300
25+850",30,Semnalizată ca limitare de viteză.,2,22.3,25.85,818
"2+000
11+500",50,"Voiteni -
Gătaia",1,2,11.5,124
"15+825
15+875",30,"Voiteni -
Gătaia",1,15.825,15.875,124
"23+600
24+600",50,"Gătaia -
Berzovia",1,23.6,24.6,124
"29+800
32+400",50,"Gătaia -
Berzovia",1,29.8,32.4,124
"35+500
37+300",50,"Berzovia -
Vasiova",1,35.5,37.3,124
"51+900
52+000",10,"Vasiova -
Reşiţa Nord",1,51.9,52,124
"53+300
55+000",30,"Vasiova -
Reşiţa Nord",1,53.3,55,124
"57+200
57+500",10,"Vasiova -
Reşiţa Nord",1,57.2,57.5,124
"64+000
64+540",30,"Reşiţa Nord -
Reşiţa Sud",1,64,64.54,124
"3+200
2+100",30,"St. Simeria Triaj
Grupa D, 
linia 5D directă, cuprinsă între 
T.D.J. 64 / 72 şi 
T.D.J. 139 / 141",1,3.2,2.1,202 A
"4+700
4+900",30,"St. Bartolomeu
linia 3 directă",1,4.7,4.9,206
"16+840
17+528",40,"St. Râşnov
linia 3 directă,
Râşnov -
Zărneşti",1,16.84,17.528,206
"22+580
22+680",30,"Râşnov -
Zărneşti",1,22.58,22.68,206
"4+000
4+250",30,"St. Turnişor
linia 3 directă, Cap Y,
peste schimbătoarele numerele 2, 6 şi 10",1,4,4.25,210
"33+100
33+300",10,"Săliște Hm. - 
Apoldu de Sus Hm.",1,33.1,33.3,210
"52+758
60+110",70,"Ax st. Miercurea Sibiului -
Cunța",1,52.758,60.11,210
"60+110
60+733",50,"Miercurea Sibiului -
Ax st. Cunța și
linia 2 directă
St. Cunța",1,60.11,60.733,210
"0+000
6+329",50,"Ax st. Simeria - 
Ax st. Bârcea Mică",1,0,6.329,213
"8+700
8+800",20,"Bărăbanţ -
Zlatna",1,8.7,8.8,224
"163+500
164+500",15,"Semnalizată ca limitare de viteză.
Fără inductori.",2,163.5,164.5,314 A
"168+500
169+209",15,"Semnalizată ca limitare de viteză.
Fără inductori.",2,168.5,169.209,314 A
"0+400 -
0+787
169+118-169+600
(0+787 ≡
169+118)",15,"Braşov Grupa Tranzit -
Braşov Triaj",1,NA,0.787,314 B
"1+900
2+150",10,"Brașov -
Depou",1,1.9,2.15,314 E
"0+385
0+635",15,"Sf. Gheorghe –
Moacșa",1,0.385,0.635,318
"0+635
10+628",30,"Sf. Gheorghe –
Ax st. Moacșa",1,0.635,10.628,318
"10+628
28+685",40,"Ax st. Moacșa -
Ax st. Covasna",1,10.628,28.685,318
"10+628
44+400",30,"Ax st. Moacșa -
Ax st. Tg. Secuiesc",1,10.628,44.4,318
"35+650
35+750",30,"Covasna - 
Imeci",1,35.65,35.75,318
"28+700
44+400",50,"Ax st. Covasna -
Ax st. Târgu Secuiesc",1,28.7,44.4,318
"0+200
18+200",50,"Ax st. Blaj -
Ax st. Jidvei",1,0.2,18.2,320
"0+221
0+452",30,"Ax st. Blaj -
Semnal intrare X 
st. Blaj",1,0.221,0.452,320
"0+452
35+630",40,"Semnal intrare X 
st. Blaj -
St. Târnăveni Vest",1,0.452,35.63,320
"9+000
10+000",50,"Blaj -
Jidvei",1,9,10,320
"13+000
14+600",50,"Blaj -
Jidvei",1,13,14.6,320
"21+000
21+500",50,"Jidvei - 
Târnăveni Vest",1,21,21.5,320
"21+500
28+200",70,"Jidvei - 
Târnăveni Vest",1,21.5,28.2,320
"între ax staţie 
şi 
sch. 
nr. 4",5,"St. Târnăveni
linia 1 Cap Y",1,NA,NA,320
"35+635
71+017",30,"Ax st. Târnăveni Vest -
Ax st. H.M. Bălăuşeri",1,35.635,71.017,320
"39+000
54+000",20,"Târnăveni - 
Bălăuşeri",1,39,54,320
"39+000
54+000",30,"Târnăveni - 
Bălăuşeri",1,39,54,320
"74+500
106+521",40,"Ax st. Bălăuşeri  -
Ax st. Sovata",1,74.5,106.521,320
"71+200
74+500",30,"Bălăuşeri  –
Sovata",1,71.2,74.5,320
"82+100
82+300",50,"Bălăuşeri  –
Sovata",1,82.1,82.3,320
"106+521
113+446",30,"Ax st. Sovata -
Ax st. Praid",1,106.521,113.446,320
"106+521
113+521",20,"Ax st. Sovata -
Ax st. Praid",1,106.521,113.521,320
"10+500
27+950",40,"Luduş -
Miheșu de Câmpie",1,10.5,27.95,420
"1+150
1+200",20,"Luduş -
Sărmăşel",1,1.15,1.2,420
"53+550
57+700",20,"Sărmăşel  -
Lechinţa",1,53.55,57.7,420
"63+720
72+550",40,"Sărățel  -
Lechinţa",1,63.72,72.55,420
"59+750
60+500",10,"St. Bistriţa Nord
linia 6 directă",1,59.75,60.5,421
"60+305
89+925",15,"Ax. st. Bistriţa Nord -
Ax. st. Bistriţa Bârgăului",1,60.305,89.925,421
"60+305
61+850",15,"Ax. st. Bistriţa Nord -
Semnal Y",1,60.305,61.85,421
"68+050
68+100",15,"Bistrița Nord - 
Livezile",1,68.05,68.1,421
"70+875
70+925",15,"Livezile -
Rusu Bârgăului",1,70.875,70.925,421
"80+950
81+000",15,"Josenii Bârgăului -
Susenii Bârgăului",1,80.95,81,421
"24+200
28+725",30,"Medgidia PC 2 - 
Ciocârlia",1,24.2,28.725,810
"55+195
55+245",15,"Casicea -
Negru Vodă",1,55.195,55.245,810
"4+600
6+400",15,"Medgidia PC2 -
Antestație ROMCIM
(CRH RO)",1,4.6,6.4,810 A
"1+000
13+300",30,"Dorobanțu -
Nazarcea -
Năvodari",1,1,13.3,817
"13+300
18+000",15,"Nazarcea -
Năvodari",1,13.3,18,817
"18+000
25+850",30,"Nazarcea - 
Năvodari 
și linia 4 directă 
st. Năvodari",1,18,25.85,817
"25+850
27+450",30,"Năvodari -
Cap Midia",1,25.85,27.45,817
"31+680
32+500",30,"Năvodari -
Cap Midia",1,31.68,32.5,817
"32+050
32+900",15,"St. Cap Midia
între sch. 3 - 51",1,32.05,32.9,817
"25+850
32+500",30,Semnalizată ca limitare de viteză.,2,25.85,32.5,817
"32+150
32+850",15,Nesemnalizată pe teren.,2,32.15,32.85,817
"0+100
0+900",15,"P1 Cap Midia –
P2 Cap Midia",1,0.1,0.9,817 A
"0+550
0+600",10,"St. Comănești
linia 2 directă Cap X",1,0.55,0.6,505
"5+000
6+000",20,"Galaţi -
Tuluceşti",1,5,6,705
"17+500
20+000",50,"Tuluceşti - 
Foltești",1,17.5,20,705
"27+000
29+200",30,"Tuluceşti - 
Foltești",1,27,29.2,705
"38+500
38+600",30,"Foltești -
Tg. Bujor",1,38.5,38.6,705
"66+950
67+050",30,"Tg. Bujor -
Bereşti",1,66.95,67.05,705
"95+500
95+600",30,"Bereşti - 
Bârlad",1,95.5,95.6,705
"104+943
104+999",30,"Bârlad -
Bălăbăneşti",1,104.943,104.999,705
"0+691
1+185",5,"Galaţi Brateş - 
Galaţi Mărfuri",1,0.691,1.185,706 E
"260+480
260+915",5,"Galaţi Călători -
Galaţi  Brateş",1,260.48,260.915,706 F
"264+000
266+300",10,Galaţi Transbordare - Galaţi Largă A,1,264,266.3,706 F
"0+647
2+234",5,"Galaţi Brateş -
Galaţi Bazin",1,0.647,2.234,706 H
"1+580
4+340",5,"Galaţi Mărfuri-
Galaţi Largă A",1,1.58,4.34,706 J
"260+180
261+160",5,"Galaţi Călători -
Galaţi Brateş",1,260.18,261.16,706 K
"266+300
270+800",30,"Galaţi Largă A - Frontieră de Stat  
Pod Prut",1,266.3,270.8,706 K+F
"271+800
272+054",15,"St. Galaţi Largă A - Frontieră de Stat  
Pod Prut",1,271.8,272.054,706 K+F
"0+000
3+662",5,"Racordare C.S.G. -
Cătuşa",1,0,3.662,706 M
"3+900
5+380",10,"St. Barboşi Triaj
Grupa B  -
St. Barboşi Călători",1,3.9,5.38,708 A
"3+280
4+515",10,"Barboşi Triaj -
Barboşi Călători",1,3.28,4.515,708 B
"3+235
4+656",10,"De la călcâiul schimbătorului numărul 10 St. Barboşi Triaj Grupa B la vârful  schimbătorului numărul 13 A St. Barboşi Călători.
Nesemnalizată pe teren.",2,3.235,4.656,708 B
"1+020
1+060",15,Complex Barboşi,1,1.02,1.06,708 F
"0+000
4+700",10,"Ramificaţie Barboşi Port -
Barboşi Port",1,0,4.7,708 H
"0+200
1+100",10,"Dornești -
Rădăuți",1,0.2,1.1,515
"33+250
33+500",40,"Rădăuți -
Putna",1,33.25,33.5,515
"1+600
1+650",20,"Leţcani -
Larga Jijia",1,1.6,1.65,613
"8+140
9+106",30,"Leţcani -
Larga Jijia",1,8.14,9.106,613
"33+300
33+400",15,"Vlădeni - 
Todireni",1,33.3,33.4,613
"84+710
85+320",30,"Livezeni -
Iscroni",1,84.71,85.32,117
"97+300
97+800",30,"St. Lupeni Tehnic
linia 3 directă, Cap Y",1,97.3,97.8,117
"0+025
0+100",15,"Petroşani Călători -
Petrila",1,0.025,0.1,118
"4+700
4+900",30,"Caransebeş -
Cornuţel Banat",1,4.7,4.9,120
"11+300
13+000",30,"Cornuţel Banat -
Brebu",1,11.3,13,120
"19+450
19+850",30,"Cornuţel Banat -
Brebu",1,19.45,19.85,120
"21+800
22+250",30,"St. Brebu
linia 1 directă și
Brebu -
Reşiţa Nord",1,21.8,22.25,120
"24+850
24+950",30,"Brebu -
Reşiţa Nord",1,24.85,24.95,120
"28+000
38+615",50,"Brebu -
Reşiţa Nord",1,28,38.615,120
"89+500
110+000",50,"Lugoj -
Buziaș",1,89.5,110,123
"11+000
54+000",30,"Berzovia -
Oraviţa",1,11,54,130
"33+150
33+610",5,"Anina
linia 3 directă,
porțiunea cuprinsă între vârf sch. 15 
și vârf sch. 12",1,33.15,33.61,131
"5+600
12+100",30,"Timisoara Vest -
Cruceni",1,5.6,12.1,132
"40+500
46+800",30,"Timisoara Vest -
Cruceni",1,40.5,46.8,132
"9+925
9+975",30,"Ronaţ Triaj Grupa D -
Dudeştii Noi",1,9.925,9.975,133
"13+500
27+700",30,"Dudeştii Noi -
Biled",1,13.5,27.7,133
"35+000
44+700",30,"Biled - 
Satu Nou -
Lovrin",1,35,44.7,133
"63+150
68+500",20,"Sânnicolau Mare -
Sânnicolau Nord",1,63.15,68.5,133
"10+650
10+700",30,"St. Giarmata
linia 3 directă Cap X",1,10.65,10.7,217
"32+000
36+800",50,"Zădăreni - 
Periam",1,32,36.8,219
"36+800
38+000",30,NA,1,36.8,38,219
"21+000
24+000",50,"Sânandrei - 
Periam",1,21,24,222
"41+000
49+000",30,"Periam -
Sânnicolau Mare",1,41,49,222
"65+200
70+000",30,"Sânnicolau Mare -
Valcani",1,65.2,70,222
"17+000
18+700",30,"Arad Vest -
Pecica",1,17,18.7,223
"3+000
6+150",50,Dinspre Arad semnalizată doar cu paleta galbenă cu diagonale.,2,3,6.15,328
"13+830
13+880",30,"Șiria - 
Târnova Zărand",1,13.83,13.88,330
"16+800
20+200",50,"Șiria - 
Târnova Zărand",1,16.8,20.2,330
"28+100
28+200",30,"Târnova Zărand
liniile 1, 2 și 3 Cap X
peste sch. 1, 3 și 5",1,28.1,28.2,330
"28+700
28+800",30,"Târnova Zărand
liniile 1, 2 și 3 Cap Y
peste sch. 2, 4 și 6",1,28.7,28.8,330
"toată
linia",15,"St. Sebiş
linia 2 directă / abătută",1,NA,NA,330
"toată
linia",15,"St. Gurahonţ
linia 2 abătută şi 
linia 3 directă / abătută",1,NA,NA,330
"123+970
124+020",30,"Hălmagiu - 
Brad",1,123.97,124.02,330
"135+150
135+200",30,"Hălmagiu - 
Brad",1,135.15,135.2,330
"6+700
12+970",30,"Ineu –
Cermei",1,6.7,12.97,331
"689+400
689+500",30,"Diosig - 
Săcuieni  Bihor",1,689.4,689.5,400
"696+550
697+370",30,"Diosig - 
Săcuieni  Bihor",1,696.55,697.37,400
"789+425
789+915",30,"Satu Mare -
Micula",1,789.425,789.915,400
"2+434
2+980",30,"Satu Mare -
Botiz",1,2.434,2.98,401
